Workbook

Sheet Instructions
A1: ALAS Energy | Portfolio Control Workbook
A2: Weighted renewable project control model with checklist logic, risk adjustment, budget control, and geography rollups.
A4: Step | B4: Area | C4: Explanation
A5: 1 | B5: Update status | C5: In Task_Tracker, switch Status between ☑ and ☐. Completion_Value updates automatically.
A6: 2 | B6: Review timing | C6: Planned_Date is the scheduled milestone. Actual_Date reflects realized completion for done tasks.
A7: 3 | B7: Use controller KPIs | C7: Portfolio_Master calculates Progress %, Total Delay Impact, Risk Factor, Risk-Adjusted Progress, Budget Used %, and Efficiency Index.
A8: 4 | B8: Read geography rollups | C8: Geography_Progress shows weighted progress by country first, then state, with progress bars.
A9: 5 | B9: Present the story | C9: Dashboard turns the tracker into a control tower view for interviews, outreach, or a reel.
A11: Source note | B11: Aligned to ILOS Energy's renewable project lifecycle and project control needs.

Sheet Task_Tracker
A1: ALAS Energy | Task Tracker
A2: Weighted milestones with timing and delay logic. This is the engine that drives all portfolio, country, and state progress calculations.
A4: Project_ID | B4: Project_Name | C4: Country | D4: State | E4: Task_Name | F4: Stage | G4: Owner | H4: Status | I4: Weight | J4: Completion_Value | K4: Planned_Date | L4: Actual_Date | M4: Delay_Days | N4: Delay_Impact | O4: Risk_Level | P4: Critical_Flag
A5: P-101 | B5: Brandenburg Solar Park | C5: Germany | D5: Brandenburg | E5: Land Secured | F5: Development | G5: Development Lead | H5: ☑ | I5: 8 | J5: =IF(H5="☑",I5,0) -> 8 | K5: 45933 | L5: 45933 | M5: =IF(H5="☑",MAX(0,L5-K5),MAX(0,TODAY()-K5)) -> 0 | N5: =M5*I5 -> 0 | O5: =IF(N5>80,"High",IF(N5>40,"Medium","Low")) -> Low | P5: No
A6: P-101 | B6: Brandenburg Solar Park | C6: Germany | D6: Brandenburg | E6: Grid Connection Secured | F6: Development | G6: Grid Manager | H6: ☑ | I6: 10 | J6: =IF(H6="☑",I6,0) -> 10 | K6: 45973 | L6: 45975 | M6: =IF(H6="☑",MAX(0,L6-K6),MAX(0,TODAY()-K6)) -> 2 | N6: =M6*I6 -> 20 | O6: =IF(N6>80,"High",IF(N6>40,"Medium","Low")) -> Low | P6: Yes
A7: P-101 | B7: Brandenburg Solar Park | C7: Germany | D7: Brandenburg | E7: Permit Approved | F7: Development | G7: Permitting Manager | H7: ☑ | I7: 12 | J7: =IF(H7="☑",I7,0) -> 12 | K7: 46013 | L7: 46018 | M7: =IF(H7="☑",MAX(0,L7-K7),MAX(0,TODAY()-K7)) -> 5 | N7: =M7*I7 -> 60 | O7: =IF(N7>80,"High",IF(N7>40,"Medium","Low")) -> Medium | P7: Yes
A8: P-101 | B8: Brandenburg Solar Park | C8: Germany | D8: Brandenburg | E8: Environmental Review Closed | F8: Development | G8: ESG & Compliance | H8: ☑ | I8: 6 | J8: =IF(H8="☑",I8,0) -> 6 | K8: 46053 | L8: 46056 | M8: =IF(H8="☑",MAX(0,L8-K8),MAX(0,TODAY()-K8)) -> 3 | N8: =M8*I8 -> 18 | O8: =IF(N8>80,"High",IF(N8>40,"Medium","Low")) -> Low | P8: No
A9: P-101 | B9: Brandenburg Solar Park | C9: Germany | D9: Brandenburg | E9: EPC Assigned | F9: Construction | G9: Construction Manager | H9: ☑ | I9: 8 | J9: =IF(H9="☑",I9,0) -> 8 | K9: 46093 | L9: 46097 | M9: =IF(H9="☑",MAX(0,L9-K9),MAX(0,TODAY()-K9)) -> 4 | N9: =M9*I9 -> 32 | O9: =IF(N9>80,"High",IF(N9>40,"Medium","Low")) -> Low | P9: No
A10: P-101 | B10: Brandenburg Solar Park | C10: Germany | D10: Brandenburg | E10: Equipment Delivered | F10: Construction | G10: Supply Chain Lead | H10: ☑ | I10: 10 | J10: =IF(H10="☑",I10,0) -> 10 | K10: 46143 | L10: 46149 | M10: =IF(H10="☑",MAX(0,L10-K10),MAX(0,TODAY()-K10)) -> 6 | N10: =M10*I10 -> 60 | O10: =IF(N10>80,"High",IF(N10>40,"Medium","Low")) -> Medium | P10: Yes
A11: P-101 | B11: Brandenburg Solar Park | C11: Germany | D11: Brandenburg | E11: Installation Started | F11: Construction | G11: Site Manager | H11: ☑ | I11: 10 | J11: =IF(H11="☑",I11,0) -> 10 | K11: 46163 | L11: 46170 | M11: =IF(H11="☑",MAX(0,L11-K11),MAX(0,TODAY()-K11)) -> 7 | N11: =M11*I11 -> 70 | O11: =IF(N11>80,"High",IF(N11>40,"Medium","Low")) -> Medium | P11: Yes
A12: P-101 | B12: Brandenburg Solar Park | C12: Germany | D12: Brandenburg | E12: Installation Completed | F12: Construction | G12: Site Manager | H12: ☐ | I12: 12 | J12: =IF(H12="☑",I12,0) -> 0 | K12: 46203 | M12: =IF(H12="☑",MAX(0,L12-K12),MAX(0,TODAY()-K12)) -> 0 | N12: =M12*I12 -> 0 | O12: =IF(N12>80,"High",IF(N12>40,"Medium","Low")) -> Low | P12: Yes
A13: P-101 | B13: Brandenburg Solar Park | C13: Germany | D13: Brandenburg | E13: Testing Completed | F13: Commissioning | G13: Commissioning Engineer | H13: ☐ | I13: 10 | J13: =IF(H13="☑",I13,0) -> 0 | K13: 46223 | M13: =IF(H13="☑",MAX(0,L13-K13),MAX(0,TODAY()-K13)) -> 0 | N13: =M13*I13 -> 0 | O13: =IF(N13>80,"High",IF(N13>40,"Medium","Low")) -> Low | P13: Yes
A14: P-101 | B14: Brandenburg Solar Park | C14: Germany | D14: Brandenburg | E14: Project Activated | F14: Commissioning | G14: Asset Manager | H14: ☐ | I14: 14 | J14: =IF(H14="☑",I14,0) -> 0 | K14: 46233 | M14: =IF(H14="☑",MAX(0,L14-K14),MAX(0,TODAY()-K14)) -> 0 | N14: =M14*I14 -> 0 | O14: =IF(N14>80,"High",IF(N14>40,"Medium","Low")) -> Low | P14: Yes
A15: P-102 | B15: Andalusia Solar Cluster | C15: Spain | D15: Andalusia | E15: Land Secured | F15: Development | G15: Development Lead | H15: ☑ | I15: 8 | J15: =IF(H15="☑",I15,0) -> 8 | K15: 45980 | L15: 45980 | M15: =IF(H15="☑",MAX(0,L15-K15),MAX(0,TODAY()-K15)) -> 0 | N15: =M15*I15 -> 0 | O15: =IF(N15>80,"High",IF(N15>40,"Medium","Low")) -> Low | P15: No
A16: P-102 | B16: Andalusia Solar Cluster | C16: Spain | D16: Andalusia | E16: Grid Connection Secured | F16: Development | G16: Grid Manager | H16: ☑ | I16: 10 | J16: =IF(H16="☑",I16,0) -> 10 | K16: 46020 | L16: 46020 | M16: =IF(H16="☑",MAX(0,L16-K16),MAX(0,TODAY()-K16)) -> 0 | N16: =M16*I16 -> 0 | O16: =IF(N16>80,"High",IF(N16>40,"Medium","Low")) -> Low | P16: Yes
A17: P-102 | B17: Andalusia Solar Cluster | C17: Spain | D17: Andalusia | E17: Permit Approved | F17: Development | G17: Permitting Manager | H17: ☑ | I17: 12 | J17: =IF(H17="☑",I17,0) -> 12 | K17: 46060 | L17: 46061 | M17: =IF(H17="☑",MAX(0,L17-K17),MAX(0,TODAY()-K17)) -> 1 | N17: =M17*I17 -> 12 | O17: =IF(N17>80,"High",IF(N17>40,"Medium","Low")) -> Low | P17: Yes
A18: P-102 | B18: Andalusia Solar Cluster | C18: Spain | D18: Andalusia | E18: Environmental Review Closed | F18: Development | G18: ESG & Compliance | H18: ☑ | I18: 6 | J18: =IF(H18="☑",I18,0) -> 6 | K18: 46100 | L18: 46102 | M18: =IF(H18="☑",MAX(0,L18-K18),MAX(0,TODAY()-K18)) -> 2 | N18: =M18*I18 -> 12 | O18: =IF(N18>80,"High",IF(N18>40,"Medium","Low")) -> Low | P18: No
A19: P-102 | B19: Andalusia Solar Cluster | C19: Spain | D19: Andalusia | E19: EPC Assigned | F19: Construction | G19: Construction Manager | H19: ☑ | I19: 8 | J19: =IF(H19="☑",I19,0) -> 8 | K19: 46140 | L19: 46144 | M19: =IF(H19="☑",MAX(0,L19-K19),MAX(0,TODAY()-K19)) -> 4 | N19: =M19*I19 -> 32 | O19: =IF(N19>80,"High",IF(N19>40,"Medium","Low")) -> Low | P19: No
A20: P-102 | B20: Andalusia Solar Cluster | C20: Spain | D20: Andalusia | E20: Equipment Delivered | F20: Construction | G20: Supply Chain Lead | H20: ☑ | I20: 10 | J20: =IF(H20="☑",I20,0) -> 10 | K20: 46190 | L20: 46196 | M20: =IF(H20="☑",MAX(0,L20-K20),MAX(0,TODAY()-K20)) -> 6 | N20: =M20*I20 -> 60 | O20: =IF(N20>80,"High",IF(N20>40,"Medium","Low")) -> Medium | P20: Yes
A21: P-102 | B21: Andalusia Solar Cluster | C21: Spain | D21: Andalusia | E21: Installation Started | F21: Construction | G21: Site Manager | H21: ☐ | I21: 10 | J21: =IF(H21="☑",I21,0) -> 0 | K21: 46210 | M21: =IF(H21="☑",MAX(0,L21-K21),MAX(0,TODAY()-K21)) -> 0 | N21: =M21*I21 -> 0 | O21: =IF(N21>80,"High",IF(N21>40,"Medium","Low")) -> Low | P21: Yes
A22: P-102 | B22: Andalusia Solar Cluster | C22: Spain | D22: Andalusia | E22: Installation Completed | F22: Construction | G22: Site Manager | H22: ☐ | I22: 12 | J22: =IF(H22="☑",I22,0) -> 0 | K22: 46250 | M22: =IF(H22="☑",MAX(0,L22-K22),MAX(0,TODAY()-K22)) -> 0 | N22: =M22*I22 -> 0 | O22: =IF(N22>80,"High",IF(N22>40,"Medium","Low")) -> Low | P22: Yes
A23: P-102 | B23: Andalusia Solar Cluster | C23: Spain | D23: Andalusia | E23: Testing Completed | F23: Commissioning | G23: Commissioning Engineer | H23: ☐ | I23: 10 | J23: =IF(H23="☑",I23,0) -> 0 | K23: 46270 | M23: =IF(H23="☑",MAX(0,L23-K23),MAX(0,TODAY()-K23)) -> 0 | N23: =M23*I23 -> 0 | O23: =IF(N23>80,"High",IF(N23>40,"Medium","Low")) -> Low | P23: Yes
A24: P-102 | B24: Andalusia Solar Cluster | C24: Spain | D24: Andalusia | E24: Project Activated | F24: Commissioning | G24: Asset Manager | H24: ☐ | I24: 14 | J24: =IF(H24="☑",I24,0) -> 0 | K24: 46280 | M24: =IF(H24="☑",MAX(0,L24-K24),MAX(0,TODAY()-K24)) -> 0 | N24: =M24*I24 -> 0 | O24: =IF(N24>80,"High",IF(N24>40,"Medium","Low")) -> Low | P24: Yes
A25: P-103 | B25: Sicily Agrivoltaic Hub | C25: Italy | D25: Sicily | E25: Land Secured | F25: Development | G25: Development Lead | H25: ☑ | I25: 8 | J25: =IF(H25="☑",I25,0) -> 8 | K25: 46005 | L25: 46005 | M25: =IF(H25="☑",MAX(0,L25-K25),MAX(0,TODAY()-K25)) -> 0 | N25: =M25*I25 -> 0 | O25: =IF(N25>80,"High",IF(N25>40,"Medium","Low")) -> Low | P25: No
A26: P-103 | B26: Sicily Agrivoltaic Hub | C26: Italy | D26: Sicily | E26: Grid Connection Secured | F26: Development | G26: Grid Manager | H26: ☑ | I26: 10 | J26: =IF(H26="☑",I26,0) -> 10 | K26: 46045 | L26: 46046 | M26: =IF(H26="☑",MAX(0,L26-K26),MAX(0,TODAY()-K26)) -> 1 | N26: =M26*I26 -> 10 | O26: =IF(N26>80,"High",IF(N26>40,"Medium","Low")) -> Low | P26: Yes
A27: P-103 | B27: Sicily Agrivoltaic Hub | C27: Italy | D27: Sicily | E27: Permit Approved | F27: Development | G27: Permitting Manager | H27: ☑ | I27: 12 | J27: =IF(H27="☑",I27,0) -> 12 | K27: 46085 | L27: 46087 | M27: =IF(H27="☑",MAX(0,L27-K27),MAX(0,TODAY()-K27)) -> 2 | N27: =M27*I27 -> 24 | O27: =IF(N27>80,"High",IF(N27>40,"Medium","Low")) -> Low | P27: Yes
A28: P-103 | B28: Sicily Agrivoltaic Hub | C28: Italy | D28: Sicily | E28: Environmental Review Closed | F28: Development | G28: ESG & Compliance | H28: ☑ | I28: 6 | J28: =IF(H28="☑",I28,0) -> 6 | K28: 46125 | L28: 46126 | M28: =IF(H28="☑",MAX(0,L28-K28),MAX(0,TODAY()-K28)) -> 1 | N28: =M28*I28 -> 6 | O28: =IF(N28>80,"High",IF(N28>40,"Medium","Low")) -> Low | P28: No
A29: P-103 | B29: Sicily Agrivoltaic Hub | C29: Italy | D29: Sicily | E29: EPC Assigned | F29: Construction | G29: Construction Manager | H29: ☑ | I29: 8 | J29: =IF(H29="☑",I29,0) -> 8 | K29: 46165 | L29: 46167 | M29: =IF(H29="☑",MAX(0,L29-K29),MAX(0,TODAY()-K29)) -> 2 | N29: =M29*I29 -> 16 | O29: =IF(N29>80,"High",IF(N29>40,"Medium","Low")) -> Low | P29: No
A30: P-103 | B30: Sicily Agrivoltaic Hub | C30: Italy | D30: Sicily | E30: Equipment Delivered | F30: Construction | G30: Supply Chain Lead | H30: ☐ | I30: 10 | J30: =IF(H30="☑",I30,0) -> 0 | K30: 46215 | M30: =IF(H30="☑",MAX(0,L30-K30),MAX(0,TODAY()-K30)) -> 0 | N30: =M30*I30 -> 0 | O30: =IF(N30>80,"High",IF(N30>40,"Medium","Low")) -> Low | P30: Yes
A31: P-103 | B31: Sicily Agrivoltaic Hub | C31: Italy | D31: Sicily | E31: Installation Started | F31: Construction | G31: Site Manager | H31: ☐ | I31: 10 | J31: =IF(H31="☑",I31,0) -> 0 | K31: 46235 | M31: =IF(H31="☑",MAX(0,L31-K31),MAX(0,TODAY()-K31)) -> 0 | N31: =M31*I31 -> 0 | O31: =IF(N31>80,"High",IF(N31>40,"Medium","Low")) -> Low | P31: Yes
A32: P-103 | B32: Sicily Agrivoltaic Hub | C32: Italy | D32: Sicily | E32: Installation Completed | F32: Construction | G32: Site Manager | H32: ☐ | I32: 12 | J32: =IF(H32="☑",I32,0) -> 0 | K32: 46275 | M32: =IF(H32="☑",MAX(0,L32-K32),MAX(0,TODAY()-K32)) -> 0 | N32: =M32*I32 -> 0 | O32: =IF(N32>80,"High",IF(N32>40,"Medium","Low")) -> Low | P32: Yes
A33: P-103 | B33: Sicily Agrivoltaic Hub | C33: Italy | D33: Sicily | E33: Testing Completed | F33: Commissioning | G33: Commissioning Engineer | H33: ☐ | I33: 10 | J33: =IF(H33="☑",I33,0) -> 0 | K33: 46295 | M33: =IF(H33="☑",MAX(0,L33-K33),MAX(0,TODAY()-K33)) -> 0 | N33: =M33*I33 -> 0 | O33: =IF(N33>80,"High",IF(N33>40,"Medium","Low")) -> Low | P33: Yes
A34: P-103 | B34: Sicily Agrivoltaic Hub | C34: Italy | D34: Sicily | E34: Project Activated | F34: Commissioning | G34: Asset Manager | H34: ☐ | I34: 14 | J34: =IF(H34="☑",I34,0) -> 0 | K34: 46305 | M34: =IF(H34="☑",MAX(0,L34-K34),MAX(0,TODAY()-K34)) -> 0 | N34: =M34*I34 -> 0 | O34: =IF(N34>80,"High",IF(N34>40,"Medium","Low")) -> Low | P34: Yes
A35: P-104 | B35: Occitanie Ground Mount | C35: France | D35: Occitanie | E35: Land Secured | F35: Development | G35: Development Lead | H35: ☑ | I35: 8 | J35: =IF(H35="☑",I35,0) -> 8 | K35: 45782 | L35: 45782 | M35: =IF(H35="☑",MAX(0,L35-K35),MAX(0,TODAY()-K35)) -> 0 | N35: =M35*I35 -> 0 | O35: =IF(N35>80,"High",IF(N35>40,"Medium","Low")) -> Low | P35: No
A36: P-104 | B36: Occitanie Ground Mount | C36: France | D36: Occitanie | E36: Grid Connection Secured | F36: Development | G36: Grid Manager | H36: ☑ | I36: 10 | J36: =IF(H36="☑",I36,0) -> 10 | K36: 45822 | L36: 45822 | M36: =IF(H36="☑",MAX(0,L36-K36),MAX(0,TODAY()-K36)) -> 0 | N36: =M36*I36 -> 0 | O36: =IF(N36>80,"High",IF(N36>40,"Medium","Low")) -> Low | P36: Yes
A37: P-104 | B37: Occitanie Ground Mount | C37: France | D37: Occitanie | E37: Permit Approved | F37: Development | G37: Permitting Manager | H37: ☑ | I37: 12 | J37: =IF(H37="☑",I37,0) -> 12 | K37: 45862 | L37: 45862 | M37: =IF(H37="☑",MAX(0,L37-K37),MAX(0,TODAY()-K37)) -> 0 | N37: =M37*I37 -> 0 | O37: =IF(N37>80,"High",IF(N37>40,"Medium","Low")) -> Low | P37: Yes
A38: P-104 | B38: Occitanie Ground Mount | C38: France | D38: Occitanie | E38: Environmental Review Closed | F38: Development | G38: ESG & Compliance | H38: ☑ | I38: 6 | J38: =IF(H38="☑",I38,0) -> 6 | K38: 45902 | L38: 45902 | M38: =IF(H38="☑",MAX(0,L38-K38),MAX(0,TODAY()-K38)) -> 0 | N38: =M38*I38 -> 0 | O38: =IF(N38>80,"High",IF(N38>40,"Medium","Low")) -> Low | P38: No
A39: P-104 | B39: Occitanie Ground Mount | C39: France | D39: Occitanie | E39: EPC Assigned | F39: Construction | G39: Construction Manager | H39: ☑ | I39: 8 | J39: =IF(H39="☑",I39,0) -> 8 | K39: 45942 | L39: 45944 | M39: =IF(H39="☑",MAX(0,L39-K39),MAX(0,TODAY()-K39)) -> 2 | N39: =M39*I39 -> 16 | O39: =IF(N39>80,"High",IF(N39>40,"Medium","Low")) -> Low | P39: No
A40: P-104 | B40: Occitanie Ground Mount | C40: France | D40: Occitanie | E40: Equipment Delivered | F40: Construction | G40: Supply Chain Lead | H40: ☑ | I40: 10 | J40: =IF(H40="☑",I40,0) -> 10 | K40: 45992 | L40: 45993 | M40: =IF(H40="☑",MAX(0,L40-K40),MAX(0,TODAY()-K40)) -> 1 | N40: =M40*I40 -> 10 | O40: =IF(N40>80,"High",IF(N40>40,"Medium","Low")) -> Low | P40: Yes
A41: P-104 | B41: Occitanie Ground Mount | C41: France | D41: Occitanie | E41: Installation Started | F41: Construction | G41: Site Manager | H41: ☑ | I41: 10 | J41: =IF(H41="☑",I41,0) -> 10 | K41: 46012 | L41: 46012 | M41: =IF(H41="☑",MAX(0,L41-K41),MAX(0,TODAY()-K41)) -> 0 | N41: =M41*I41 -> 0 | O41: =IF(N41>80,"High",IF(N41>40,"Medium","Low")) -> Low | P41: Yes
A42: P-104 | B42: Occitanie Ground Mount | C42: France | D42: Occitanie | E42: Installation Completed | F42: Construction | G42: Site Manager | H42: ☑ | I42: 12 | J42: =IF(H42="☑",I42,0) -> 12 | K42: 46052 | L42: 46052 | M42: =IF(H42="☑",MAX(0,L42-K42),MAX(0,TODAY()-K42)) -> 0 | N42: =M42*I42 -> 0 | O42: =IF(N42>80,"High",IF(N42>40,"Medium","Low")) -> Low | P42: Yes
A43: P-104 | B43: Occitanie Ground Mount | C43: France | D43: Occitanie | E43: Testing Completed | F43: Commissioning | G43: Commissioning Engineer | H43: ☑ | I43: 10 | J43: =IF(H43="☑",I43,0) -> 10 | K43: 46072 | L43: 46072 | M43: =IF(H43="☑",MAX(0,L43-K43),MAX(0,TODAY()-K43)) -> 0 | N43: =M43*I43 -> 0 | O43: =IF(N43>80,"High",IF(N43>40,"Medium","Low")) -> Low | P43: Yes
A44: P-104 | B44: Occitanie Ground Mount | C44: France | D44: Occitanie | E44: Project Activated | F44: Commissioning | G44: Asset Manager | H44: ☑ | I44: 14 | J44: =IF(H44="☑",I44,0) -> 14 | K44: 46082 | L44: 46082 | M44: =IF(H44="☑",MAX(0,L44-K44),MAX(0,TODAY()-K44)) -> 0 | N44: =M44*I44 -> 0 | O44: =IF(N44>80,"High",IF(N44>40,"Medium","Low")) -> Low | P44: Yes
A45: P-105 | B45: North Holland Solar Farm | C45: Netherlands | D45: North Holland | E45: Land Secured | F45: Development | G45: Development Lead | H45: ☑ | I45: 8 | J45: =IF(H45="☑",I45,0) -> 8 | K45: 45954 | L45: 45954 | M45: =IF(H45="☑",MAX(0,L45-K45),MAX(0,TODAY()-K45)) -> 0 | N45: =M45*I45 -> 0 | O45: =IF(N45>80,"High",IF(N45>40,"Medium","Low")) -> Low | P45: No
A46: P-105 | B46: North Holland Solar Farm | C46: Netherlands | D46: North Holland | E46: Grid Connection Secured | F46: Development | G46: Grid Manager | H46: ☑ | I46: 10 | J46: =IF(H46="☑",I46,0) -> 10 | K46: 45994 | L46: 45994 | M46: =IF(H46="☑",MAX(0,L46-K46),MAX(0,TODAY()-K46)) -> 0 | N46: =M46*I46 -> 0 | O46: =IF(N46>80,"High",IF(N46>40,"Medium","Low")) -> Low | P46: Yes
A47: P-105 | B47: North Holland Solar Farm | C47: Netherlands | D47: North Holland | E47: Permit Approved | F47: Development | G47: Permitting Manager | H47: ☑ | I47: 12 | J47: =IF(H47="☑",I47,0) -> 12 | K47: 46034 | L47: 46037 | M47: =IF(H47="☑",MAX(0,L47-K47),MAX(0,TODAY()-K47)) -> 3 | N47: =M47*I47 -> 36 | O47: =IF(N47>80,"High",IF(N47>40,"Medium","Low")) -> Low | P47: Yes
A48: P-105 | B48: North Holland Solar Farm | C48: Netherlands | D48: North Holland | E48: Environmental Review Closed | F48: Development | G48: ESG & Compliance | H48: ☐ | I48: 6 | J48: =IF(H48="☑",I48,0) -> 0 | K48: 46074 | M48: =IF(H48="☑",MAX(0,L48-K48),MAX(0,TODAY()-K48)) -> 66 | N48: =M48*I48 -> 396 | O48: =IF(N48>80,"High",IF(N48>40,"Medium","Low")) -> High | P48: No
A49: P-105 | B49: North Holland Solar Farm | C49: Netherlands | D49: North Holland | E49: EPC Assigned | F49: Construction | G49: Construction Manager | H49: ☐ | I49: 8 | J49: =IF(H49="☑",I49,0) -> 0 | K49: 46114 | M49: =IF(H49="☑",MAX(0,L49-K49),MAX(0,TODAY()-K49)) -> 26 | N49: =M49*I49 -> 208 | O49: =IF(N49>80,"High",IF(N49>40,"Medium","Low")) -> High | P49: No
A50: P-105 | B50: North Holland Solar Farm | C50: Netherlands | D50: North Holland | E50: Equipment Delivered | F50: Construction | G50: Supply Chain Lead | H50: ☐ | I50: 10 | J50: =IF(H50="☑",I50,0) -> 0 | K50: 46164 | M50: =IF(H50="☑",MAX(0,L50-K50),MAX(0,TODAY()-K50)) -> 0 | N50: =M50*I50 -> 0 | O50: =IF(N50>80,"High",IF(N50>40,"Medium","Low")) -> Low | P50: Yes
A51: P-105 | B51: North Holland Solar Farm | C51: Netherlands | D51: North Holland | E51: Installation Started | F51: Construction | G51: Site Manager | H51: ☐ | I51: 10 | J51: =IF(H51="☑",I51,0) -> 0 | K51: 46184 | M51: =IF(H51="☑",MAX(0,L51-K51),MAX(0,TODAY()-K51)) -> 0 | N51: =M51*I51 -> 0 | O51: =IF(N51>80,"High",IF(N51>40,"Medium","Low")) -> Low | P51: Yes
A52: P-105 | B52: North Holland Solar Farm | C52: Netherlands | D52: North Holland | E52: Installation Completed | F52: Construction | G52: Site Manager | H52: ☐ | I52: 12 | J52: =IF(H52="☑",I52,0) -> 0 | K52: 46224 | M52: =IF(H52="☑",MAX(0,L52-K52),MAX(0,TODAY()-K52)) -> 0 | N52: =M52*I52 -> 0 | O52: =IF(N52>80,"High",IF(N52>40,"Medium","Low")) -> Low | P52: Yes
A53: P-105 | B53: North Holland Solar Farm | C53: Netherlands | D53: North Holland | E53: Testing Completed | F53: Commissioning | G53: Commissioning Engineer | H53: ☐ | I53: 10 | J53: =IF(H53="☑",I53,0) -> 0 | K53: 46244 | M53: =IF(H53="☑",MAX(0,L53-K53),MAX(0,TODAY()-K53)) -> 0 | N53: =M53*I53 -> 0 | O53: =IF(N53>80,"High",IF(N53>40,"Medium","Low")) -> Low | P53: Yes
A54: P-105 | B54: North Holland Solar Farm | C54: Netherlands | D54: North Holland | E54: Project Activated | F54: Commissioning | G54: Asset Manager | H54: ☐ | I54: 14 | J54: =IF(H54="☑",I54,0) -> 0 | K54: 46254 | M54: =IF(H54="☑",MAX(0,L54-K54),MAX(0,TODAY()-K54)) -> 0 | N54: =M54*I54 -> 0 | O54: =IF(N54>80,"High",IF(N54>40,"Medium","Low")) -> Low | P54: Yes
A55: P-106 | B55: Lower Silesia PV Project | C55: Poland | D55: Lower Silesia | E55: Land Secured | F55: Development | G55: Development Lead | H55: ☑ | I55: 8 | J55: =IF(H55="☑",I55,0) -> 8 | K55: 46031 | L55: 46031 | M55: =IF(H55="☑",MAX(0,L55-K55),MAX(0,TODAY()-K55)) -> 0 | N55: =M55*I55 -> 0 | O55: =IF(N55>80,"High",IF(N55>40,"Medium","Low")) -> Low | P55: No
A56: P-106 | B56: Lower Silesia PV Project | C56: Poland | D56: Lower Silesia | E56: Grid Connection Secured | F56: Development | G56: Grid Manager | H56: ☑ | I56: 10 | J56: =IF(H56="☑",I56,0) -> 10 | K56: 46071 | L56: 46071 | M56: =IF(H56="☑",MAX(0,L56-K56),MAX(0,TODAY()-K56)) -> 0 | N56: =M56*I56 -> 0 | O56: =IF(N56>80,"High",IF(N56>40,"Medium","Low")) -> Low | P56: Yes
A57: P-106 | B57: Lower Silesia PV Project | C57: Poland | D57: Lower Silesia | E57: Permit Approved | F57: Development | G57: Permitting Manager | H57: ☑ | I57: 12 | J57: =IF(H57="☑",I57,0) -> 12 | K57: 46111 | L57: 46112 | M57: =IF(H57="☑",MAX(0,L57-K57),MAX(0,TODAY()-K57)) -> 1 | N57: =M57*I57 -> 12 | O57: =IF(N57>80,"High",IF(N57>40,"Medium","Low")) -> Low | P57: Yes
A58: P-106 | B58: Lower Silesia PV Project | C58: Poland | D58: Lower Silesia | E58: Environmental Review Closed | F58: Development | G58: ESG & Compliance | H58: ☑ | I58: 6 | J58: =IF(H58="☑",I58,0) -> 6 | K58: 46151 | L58: 46152 | M58: =IF(H58="☑",MAX(0,L58-K58),MAX(0,TODAY()-K58)) -> 1 | N58: =M58*I58 -> 6 | O58: =IF(N58>80,"High",IF(N58>40,"Medium","Low")) -> Low | P58: No
A59: P-106 | B59: Lower Silesia PV Project | C59: Poland | D59: Lower Silesia | E59: EPC Assigned | F59: Construction | G59: Construction Manager | H59: ☑ | I59: 8 | J59: =IF(H59="☑",I59,0) -> 8 | K59: 46191 | L59: 46193 | M59: =IF(H59="☑",MAX(0,L59-K59),MAX(0,TODAY()-K59)) -> 2 | N59: =M59*I59 -> 16 | O59: =IF(N59>80,"High",IF(N59>40,"Medium","Low")) -> Low | P59: No
A60: P-106 | B60: Lower Silesia PV Project | C60: Poland | D60: Lower Silesia | E60: Equipment Delivered | F60: Construction | G60: Supply Chain Lead | H60: ☐ | I60: 10 | J60: =IF(H60="☑",I60,0) -> 0 | K60: 46241 | M60: =IF(H60="☑",MAX(0,L60-K60),MAX(0,TODAY()-K60)) -> 0 | N60: =M60*I60 -> 0 | O60: =IF(N60>80,"High",IF(N60>40,"Medium","Low")) -> Low | P60: Yes
A61: P-106 | B61: Lower Silesia PV Project | C61: Poland | D61: Lower Silesia | E61: Installation Started | F61: Construction | G61: Site Manager | H61: ☐ | I61: 10 | J61: =IF(H61="☑",I61,0) -> 0 | K61: 46261 | M61: =IF(H61="☑",MAX(0,L61-K61),MAX(0,TODAY()-K61)) -> 0 | N61: =M61*I61 -> 0 | O61: =IF(N61>80,"High",IF(N61>40,"Medium","Low")) -> Low | P61: Yes
A62: P-106 | B62: Lower Silesia PV Project | C62: Poland | D62: Lower Silesia | E62: Installation Completed | F62: Construction | G62: Site Manager | H62: ☐ | I62: 12 | J62: =IF(H62="☑",I62,0) -> 0 | K62: 46301 | M62: =IF(H62="☑",MAX(0,L62-K62),MAX(0,TODAY()-K62)) -> 0 | N62: =M62*I62 -> 0 | O62: =IF(N62>80,"High",IF(N62>40,"Medium","Low")) -> Low | P62: Yes
A63: P-106 | B63: Lower Silesia PV Project | C63: Poland | D63: Lower Silesia | E63: Testing Completed | F63: Commissioning | G63: Commissioning Engineer | H63: ☐ | I63: 10 | J63: =IF(H63="☑",I63,0) -> 0 | K63: 46321 | M63: =IF(H63="☑",MAX(0,L63-K63),MAX(0,TODAY()-K63)) -> 0 | N63: =M63*I63 -> 0 | O63: =IF(N63>80,"High",IF(N63>40,"Medium","Low")) -> Low | P63: Yes
A64: P-106 | B64: Lower Silesia PV Project | C64: Poland | D64: Lower Silesia | E64: Project Activated | F64: Commissioning | G64: Asset Manager | H64: ☐ | I64: 14 | J64: =IF(H64="☑",I64,0) -> 0 | K64: 46331 | M64: =IF(H64="☑",MAX(0,L64-K64),MAX(0,TODAY()-K64)) -> 0 | N64: =M64*I64 -> 0 | O64: =IF(N64>80,"High",IF(N64>40,"Medium","Low")) -> Low | P64: Yes
A65: P-107 | B65: Saxony Battery-Ready PV | C65: Germany | D65: Saxony | E65: Land Secured | F65: Development | G65: Development Lead | H65: ☑ | I65: 8 | J65: =IF(H65="☑",I65,0) -> 8 | K65: 46071 | L65: 46071 | M65: =IF(H65="☑",MAX(0,L65-K65),MAX(0,TODAY()-K65)) -> 0 | N65: =M65*I65 -> 0 | O65: =IF(N65>80,"High",IF(N65>40,"Medium","Low")) -> Low | P65: No
A66: P-107 | B66: Saxony Battery-Ready PV | C66: Germany | D66: Saxony | E66: Grid Connection Secured | F66: Development | G66: Grid Manager | H66: ☑ | I66: 10 | J66: =IF(H66="☑",I66,0) -> 10 | K66: 46111 | L66: 46112 | M66: =IF(H66="☑",MAX(0,L66-K66),MAX(0,TODAY()-K66)) -> 1 | N66: =M66*I66 -> 10 | O66: =IF(N66>80,"High",IF(N66>40,"Medium","Low")) -> Low | P66: Yes
A67: P-107 | B67: Saxony Battery-Ready PV | C67: Germany | D67: Saxony | E67: Permit Approved | F67: Development | G67: Permitting Manager | H67: ☑ | I67: 12 | J67: =IF(H67="☑",I67,0) -> 12 | K67: 46151 | L67: 46153 | M67: =IF(H67="☑",MAX(0,L67-K67),MAX(0,TODAY()-K67)) -> 2 | N67: =M67*I67 -> 24 | O67: =IF(N67>80,"High",IF(N67>40,"Medium","Low")) -> Low | P67: Yes
A68: P-107 | B68: Saxony Battery-Ready PV | C68: Germany | D68: Saxony | E68: Environmental Review Closed | F68: Development | G68: ESG & Compliance | H68: ☑ | I68: 6 | J68: =IF(H68="☑",I68,0) -> 6 | K68: 46191 | L68: 46193 | M68: =IF(H68="☑",MAX(0,L68-K68),MAX(0,TODAY()-K68)) -> 2 | N68: =M68*I68 -> 12 | O68: =IF(N68>80,"High",IF(N68>40,"Medium","Low")) -> Low | P68: No
A69: P-107 | B69: Saxony Battery-Ready PV | C69: Germany | D69: Saxony | E69: EPC Assigned | F69: Construction | G69: Construction Manager | H69: ☐ | I69: 8 | J69: =IF(H69="☑",I69,0) -> 0 | K69: 46231 | M69: =IF(H69="☑",MAX(0,L69-K69),MAX(0,TODAY()-K69)) -> 0 | N69: =M69*I69 -> 0 | O69: =IF(N69>80,"High",IF(N69>40,"Medium","Low")) -> Low | P69: No
A70: P-107 | B70: Saxony Battery-Ready PV | C70: Germany | D70: Saxony | E70: Equipment Delivered | F70: Construction | G70: Supply Chain Lead | H70: ☐ | I70: 10 | J70: =IF(H70="☑",I70,0) -> 0 | K70: 46281 | M70: =IF(H70="☑",MAX(0,L70-K70),MAX(0,TODAY()-K70)) -> 0 | N70: =M70*I70 -> 0 | O70: =IF(N70>80,"High",IF(N70>40,"Medium","Low")) -> Low | P70: Yes
A71: P-107 | B71: Saxony Battery-Ready PV | C71: Germany | D71: Saxony | E71: Installation Started | F71: Construction | G71: Site Manager | H71: ☐ | I71: 10 | J71: =IF(H71="☑",I71,0) -> 0 | K71: 46301 | M71: =IF(H71="☑",MAX(0,L71-K71),MAX(0,TODAY()-K71)) -> 0 | N71: =M71*I71 -> 0 | O71: =IF(N71>80,"High",IF(N71>40,"Medium","Low")) -> Low | P71: Yes
A72: P-107 | B72: Saxony Battery-Ready PV | C72: Germany | D72: Saxony | E72: Installation Completed | F72: Construction | G72: Site Manager | H72: ☐ | I72: 12 | J72: =IF(H72="☑",I72,0) -> 0 | K72: 46341 | M72: =IF(H72="☑",MAX(0,L72-K72),MAX(0,TODAY()-K72)) -> 0 | N72: =M72*I72 -> 0 | O72: =IF(N72>80,"High",IF(N72>40,"Medium","Low")) -> Low | P72: Yes
A73: P-107 | B73: Saxony Battery-Ready PV | C73: Germany | D73: Saxony | E73: Testing Completed | F73: Commissioning | G73: Commissioning Engineer | H73: ☐ | I73: 10 | J73: =IF(H73="☑",I73,0) -> 0 | K73: 46361 | M73: =IF(H73="☑",MAX(0,L73-K73),MAX(0,TODAY()-K73)) -> 0 | N73: =M73*I73 -> 0 | O73: =IF(N73>80,"High",IF(N73>40,"Medium","Low")) -> Low | P73: Yes
A74: P-107 | B74: Saxony Battery-Ready PV | C74: Germany | D74: Saxony | E74: Project Activated | F74: Commissioning | G74: Asset Manager | H74: ☐ | I74: 14 | J74: =IF(H74="☑",I74,0) -> 0 | K74: 46371 | M74: =IF(H74="☑",MAX(0,L74-K74),MAX(0,TODAY()-K74)) -> 0 | N74: =M74*I74 -> 0 | O74: =IF(N74>80,"High",IF(N74>40,"Medium","Low")) -> Low | P74: Yes
A75: P-108 | B75: Valencia Hybrid Solar Site | C75: Spain | D75: Valencia | E75: Land Secured | F75: Development | G75: Development Lead | H75: ☑ | I75: 8 | J75: =IF(H75="☑",I75,0) -> 8 | K75: 45763 | L75: 45763 | M75: =IF(H75="☑",MAX(0,L75-K75),MAX(0,TODAY()-K75)) -> 0 | N75: =M75*I75 -> 0 | O75: =IF(N75>80,"High",IF(N75>40,"Medium","Low")) -> Low | P75: No
A76: P-108 | B76: Valencia Hybrid Solar Site | C76: Spain | D76: Valencia | E76: Grid Connection Secured | F76: Development | G76: Grid Manager | H76: ☑ | I76: 10 | J76: =IF(H76="☑",I76,0) -> 10 | K76: 45803 | L76: 45803 | M76: =IF(H76="☑",MAX(0,L76-K76),MAX(0,TODAY()-K76)) -> 0 | N76: =M76*I76 -> 0 | O76: =IF(N76>80,"High",IF(N76>40,"Medium","Low")) -> Low | P76: Yes
A77: P-108 | B77: Valencia Hybrid Solar Site | C77: Spain | D77: Valencia | E77: Permit Approved | F77: Development | G77: Permitting Manager | H77: ☑ | I77: 12 | J77: =IF(H77="☑",I77,0) -> 12 | K77: 45843 | L77: 45843 | M77: =IF(H77="☑",MAX(0,L77-K77),MAX(0,TODAY()-K77)) -> 0 | N77: =M77*I77 -> 0 | O77: =IF(N77>80,"High",IF(N77>40,"Medium","Low")) -> Low | P77: Yes
A78: P-108 | B78: Valencia Hybrid Solar Site | C78: Spain | D78: Valencia | E78: Environmental Review Closed | F78: Development | G78: ESG & Compliance | H78: ☑ | I78: 6 | J78: =IF(H78="☑",I78,0) -> 6 | K78: 45883 | L78: 45883 | M78: =IF(H78="☑",MAX(0,L78-K78),MAX(0,TODAY()-K78)) -> 0 | N78: =M78*I78 -> 0 | O78: =IF(N78>80,"High",IF(N78>40,"Medium","Low")) -> Low | P78: No
A79: P-108 | B79: Valencia Hybrid Solar Site | C79: Spain | D79: Valencia | E79: EPC Assigned | F79: Construction | G79: Construction Manager | H79: ☑ | I79: 8 | J79: =IF(H79="☑",I79,0) -> 8 | K79: 45923 | L79: 45923 | M79: =IF(H79="☑",MAX(0,L79-K79),MAX(0,TODAY()-K79)) -> 0 | N79: =M79*I79 -> 0 | O79: =IF(N79>80,"High",IF(N79>40,"Medium","Low")) -> Low | P79: No
A80: P-108 | B80: Valencia Hybrid Solar Site | C80: Spain | D80: Valencia | E80: Equipment Delivered | F80: Construction | G80: Supply Chain Lead | H80: ☑ | I80: 10 | J80: =IF(H80="☑",I80,0) -> 10 | K80: 45973 | L80: 45974 | M80: =IF(H80="☑",MAX(0,L80-K80),MAX(0,TODAY()-K80)) -> 1 | N80: =M80*I80 -> 10 | O80: =IF(N80>80,"High",IF(N80>40,"Medium","Low")) -> Low | P80: Yes
A81: P-108 | B81: Valencia Hybrid Solar Site | C81: Spain | D81: Valencia | E81: Installation Started | F81: Construction | G81: Site Manager | H81: ☑ | I81: 10 | J81: =IF(H81="☑",I81,0) -> 10 | K81: 45993 | L81: 45994 | M81: =IF(H81="☑",MAX(0,L81-K81),MAX(0,TODAY()-K81)) -> 1 | N81: =M81*I81 -> 10 | O81: =IF(N81>80,"High",IF(N81>40,"Medium","Low")) -> Low | P81: Yes
A82: P-108 | B82: Valencia Hybrid Solar Site | C82: Spain | D82: Valencia | E82: Installation Completed | F82: Construction | G82: Site Manager | H82: ☑ | I82: 12 | J82: =IF(H82="☑",I82,0) -> 12 | K82: 46033 | L82: 46033 | M82: =IF(H82="☑",MAX(0,L82-K82),MAX(0,TODAY()-K82)) -> 0 | N82: =M82*I82 -> 0 | O82: =IF(N82>80,"High",IF(N82>40,"Medium","Low")) -> Low | P82: Yes
A83: P-108 | B83: Valencia Hybrid Solar Site | C83: Spain | D83: Valencia | E83: Testing Completed | F83: Commissioning | G83: Commissioning Engineer | H83: ☑ | I83: 10 | J83: =IF(H83="☑",I83,0) -> 10 | K83: 46053 | L83: 46053 | M83: =IF(H83="☑",MAX(0,L83-K83),MAX(0,TODAY()-K83)) -> 0 | N83: =M83*I83 -> 0 | O83: =IF(N83>80,"High",IF(N83>40,"Medium","Low")) -> Low | P83: Yes
A84: P-108 | B84: Valencia Hybrid Solar Site | C84: Spain | D84: Valencia | E84: Project Activated | F84: Commissioning | G84: Asset Manager | H84: ☑ | I84: 14 | J84: =IF(H84="☑",I84,0) -> 14 | K84: 46063 | L84: 46063 | M84: =IF(H84="☑",MAX(0,L84-K84),MAX(0,TODAY()-K84)) -> 0 | N84: =M84*I84 -> 0 | O84: =IF(N84>80,"High",IF(N84>40,"Medium","Low")) -> Low | P84: Yes

Sheet Portfolio_Master
A1: ALAS Energy | Portfolio Master
A2: Project-level control logic for progress, delay impact, risk adjustment, and budget-performance comparison.
A4: Project_ID | B4: Project_Name | C4: Country | D4: State | E4: Capacity_MW | F4: Stage | G4: Planned_COD | H4: Completed_Weight | I4: Total_Weight | J4: Progress_% | K4: Total_Delay_Impact | L4: Avg_Delay_Days | M4: Risk_Level | N4: Risk_Factor | O4: Risk_Adjusted_Progress | P4: Budget_M€ | Q4: Actual_Cost_M€ | R4: Budget_Used_% | S4: Efficiency_Index | T4: Budget_Alert
A5: P-101 | B5: Brandenburg Solar Park | C5: Germany | D5: Brandenburg | E5: 145 | F5: Development | G5: 46233 | H5: =SUMIF(Task_Tracker!$A$5:$A$84,A5,Task_Tracker!$J$5:$J$84) -> 64 | I5: =SUMIF(Task_Tracker!$A$5:$A$84,A5,Task_Tracker!$I$5:$I$84) -> 100 | J5: =IFERROR(H5/I5,0) -> 0.64 | K5: =SUMIF(Task_Tracker!$A$5:$A$84,A5,Task_Tracker!$N$5:$N$84) -> 260 | L5: =IFERROR(AVERAGEIF(Task_Tracker!$A$5:$A$84,A5,Task_Tracker!$M$5:$M$84),0) -> 2.7 | M5: =IF(K5>120,"High",IF(K5>45,"Medium","Low")) -> High | N5: =IF(M5="High",0.75,IF(M5="Medium",0.9,1)) -> 0.75 | O5: =J5*N5 -> 0.48 | P5: 120 | Q5: 114 | R5: =IFERROR(Q5/P5,0) -> 0.95 | S5: =IFERROR(J5/R5,0) -> 0.67368421 | T5: =IF(J5<R5,"Over Budget","On Track") -> Over Budget
A6: P-102 | B6: Andalusia Solar Cluster | C6: Spain | D6: Andalusia | E6: 220 | F6: Construction | G6: 46280 | H6: =SUMIF(Task_Tracker!$A$5:$A$84,A6,Task_Tracker!$J$5:$J$84) -> 54 | I6: =SUMIF(Task_Tracker!$A$5:$A$84,A6,Task_Tracker!$I$5:$I$84) -> 100 | J6: =IFERROR(H6/I6,0) -> 0.54 | K6: =SUMIF(Task_Tracker!$A$5:$A$84,A6,Task_Tracker!$N$5:$N$84) -> 116 | L6: =IFERROR(AVERAGEIF(Task_Tracker!$A$5:$A$84,A6,Task_Tracker!$M$5:$M$84),0) -> 1.3 | M6: =IF(K6>120,"High",IF(K6>45,"Medium","Low")) -> Medium | N6: =IF(M6="High",0.75,IF(M6="Medium",0.9,1)) -> 0.9 | O6: =J6*N6 -> 0.486 | P6: 165 | Q6: 172 | R6: =IFERROR(Q6/P6,0) -> 1.0424242 | S6: =IFERROR(J6/R6,0) -> 0.51802326 | T6: =IF(J6<R6,"Over Budget","On Track") -> Over Budget
A7: P-103 | B7: Sicily Agrivoltaic Hub | C7: Italy | D7: Sicily | E7: 110 | F7: Construction | G7: 46305 | H7: =SUMIF(Task_Tracker!$A$5:$A$84,A7,Task_Tracker!$J$5:$J$84) -> 44 | I7: =SUMIF(Task_Tracker!$A$5:$A$84,A7,Task_Tracker!$I$5:$I$84) -> 100 | J7: =IFERROR(H7/I7,0) -> 0.44 | K7: =SUMIF(Task_Tracker!$A$5:$A$84,A7,Task_Tracker!$N$5:$N$84) -> 56 | L7: =IFERROR(AVERAGEIF(Task_Tracker!$A$5:$A$84,A7,Task_Tracker!$M$5:$M$84),0) -> 0.6 | M7: =IF(K7>120,"High",IF(K7>45,"Medium","Low")) -> Medium | N7: =IF(M7="High",0.75,IF(M7="Medium",0.9,1)) -> 0.9 | O7: =J7*N7 -> 0.396 | P7: 94 | Q7: 98 | R7: =IFERROR(Q7/P7,0) -> 1.0425532 | S7: =IFERROR(J7/R7,0) -> 0.42204082 | T7: =IF(J7<R7,"Over Budget","On Track") -> Over Budget
A8: P-104 | B8: Occitanie Ground Mount | C8: France | D8: Occitanie | E8: 95 | F8: Active | G8: 46082 | H8: =SUMIF(Task_Tracker!$A$5:$A$84,A8,Task_Tracker!$J$5:$J$84) -> 100 | I8: =SUMIF(Task_Tracker!$A$5:$A$84,A8,Task_Tracker!$I$5:$I$84) -> 100 | J8: =IFERROR(H8/I8,0) -> 1 | K8: =SUMIF(Task_Tracker!$A$5:$A$84,A8,Task_Tracker!$N$5:$N$84) -> 26 | L8: =IFERROR(AVERAGEIF(Task_Tracker!$A$5:$A$84,A8,Task_Tracker!$M$5:$M$84),0) -> 0.3 | M8: =IF(K8>120,"High",IF(K8>45,"Medium","Low")) -> Low | N8: =IF(M8="High",0.75,IF(M8="Medium",0.9,1)) -> 1 | O8: =J8*N8 -> 1 | P8: 82 | Q8: 81 | R8: =IFERROR(Q8/P8,0) -> 0.98780488 | S8: =IFERROR(J8/R8,0) -> 1.0123457 | T8: =IF(J8<R8,"Over Budget","On Track") -> On Track
A9: P-105 | B9: North Holland Solar Farm | C9: Netherlands | D9: North Holland | E9: 80 | F9: Development | G9: 46254 | H9: =SUMIF(Task_Tracker!$A$5:$A$84,A9,Task_Tracker!$J$5:$J$84) -> 30 | I9: =SUMIF(Task_Tracker!$A$5:$A$84,A9,Task_Tracker!$I$5:$I$84) -> 100 | J9: =IFERROR(H9/I9,0) -> 0.3 | K9: =SUMIF(Task_Tracker!$A$5:$A$84,A9,Task_Tracker!$N$5:$N$84) -> 640 | L9: =IFERROR(AVERAGEIF(Task_Tracker!$A$5:$A$84,A9,Task_Tracker!$M$5:$M$84),0) -> 9.5 | M9: =IF(K9>120,"High",IF(K9>45,"Medium","Low")) -> High | N9: =IF(M9="High",0.75,IF(M9="Medium",0.9,1)) -> 0.75 | O9: =J9*N9 -> 0.225 | P9: 68 | Q9: 67 | R9: =IFERROR(Q9/P9,0) -> 0.98529412 | S9: =IFERROR(J9/R9,0) -> 0.30447761 | T9: =IF(J9<R9,"Over Budget","On Track") -> Over Budget
A10: P-106 | B10: Lower Silesia PV Project | C10: Poland | D10: Lower Silesia | E10: 130 | F10: Construction | G10: 46331 | H10: =SUMIF(Task_Tracker!$A$5:$A$84,A10,Task_Tracker!$J$5:$J$84) -> 44 | I10: =SUMIF(Task_Tracker!$A$5:$A$84,A10,Task_Tracker!$I$5:$I$84) -> 100 | J10: =IFERROR(H10/I10,0) -> 0.44 | K10: =SUMIF(Task_Tracker!$A$5:$A$84,A10,Task_Tracker!$N$5:$N$84) -> 34 | L10: =IFERROR(AVERAGEIF(Task_Tracker!$A$5:$A$84,A10,Task_Tracker!$M$5:$M$84),0) -> 0.4 | M10: =IF(K10>120,"High",IF(K10>45,"Medium","Low")) -> Low | N10: =IF(M10="High",0.75,IF(M10="Medium",0.9,1)) -> 1 | O10: =J10*N10 -> 0.44 | P10: 101 | Q10: 108 | R10: =IFERROR(Q10/P10,0) -> 1.0693069 | S10: =IFERROR(J10/R10,0) -> 0.41148148 | T10: =IF(J10<R10,"Over Budget","On Track") -> Over Budget
A11: P-107 | B11: Saxony Battery-Ready PV | C11: Germany | D11: Saxony | E11: 160 | F11: Development | G11: 46371 | H11: =SUMIF(Task_Tracker!$A$5:$A$84,A11,Task_Tracker!$J$5:$J$84) -> 36 | I11: =SUMIF(Task_Tracker!$A$5:$A$84,A11,Task_Tracker!$I$5:$I$84) -> 100 | J11: =IFERROR(H11/I11,0) -> 0.36 | K11: =SUMIF(Task_Tracker!$A$5:$A$84,A11,Task_Tracker!$N$5:$N$84) -> 46 | L11: =IFERROR(AVERAGEIF(Task_Tracker!$A$5:$A$84,A11,Task_Tracker!$M$5:$M$84),0) -> 0.5 | M11: =IF(K11>120,"High",IF(K11>45,"Medium","Low")) -> Medium | N11: =IF(M11="High",0.75,IF(M11="Medium",0.9,1)) -> 0.9 | O11: =J11*N11 -> 0.324 | P11: 126 | Q11: 123 | R11: =IFERROR(Q11/P11,0) -> 0.97619048 | S11: =IFERROR(J11/R11,0) -> 0.36878049 | T11: =IF(J11<R11,"Over Budget","On Track") -> Over Budget
A12: P-108 | B12: Valencia Hybrid Solar Site | C12: Spain | D12: Valencia | E12: 175 | F12: Active | G12: 46063 | H12: =SUMIF(Task_Tracker!$A$5:$A$84,A12,Task_Tracker!$J$5:$J$84) -> 100 | I12: =SUMIF(Task_Tracker!$A$5:$A$84,A12,Task_Tracker!$I$5:$I$84) -> 100 | J12: =IFERROR(H12/I12,0) -> 1 | K12: =SUMIF(Task_Tracker!$A$5:$A$84,A12,Task_Tracker!$N$5:$N$84) -> 20 | L12: =IFERROR(AVERAGEIF(Task_Tracker!$A$5:$A$84,A12,Task_Tracker!$M$5:$M$84),0) -> 0.2 | M12: =IF(K12>120,"High",IF(K12>45,"Medium","Low")) -> Low | N12: =IF(M12="High",0.75,IF(M12="Medium",0.9,1)) -> 1 | O12: =J12*N12 -> 1 | P12: 136 | Q12: 134 | R12: =IFERROR(Q12/P12,0) -> 0.98529412 | S12: =IFERROR(J12/R12,0) -> 1.0149254 | T12: =IF(J12<R12,"Over Budget","On Track") -> On Track

Sheet Geography_Progress
A1: ALAS Energy | Geography Progress
A3: Country Progress
A4: Country | B4: Projects | C4: Completed_Weight | D4: Total_Weight | E4: Weighted_Progress_% | F4: MW_Pipeline | G4: Delayed_Projects | H4: Progress_Bar
A5: France | B5: =COUNTIF(Portfolio_Master!$C$5:$C$12,A5) -> 1 | C5: =SUMIF(Portfolio_Master!$C$5:$C$12,A5,Portfolio_Master!$H$5:$H$12) -> 100 | D5: =SUMIF(Portfolio_Master!$C$5:$C$12,A5,Portfolio_Master!$I$5:$I$12) -> 100 | E5: =IFERROR(C5/D5,0) -> 1 | F5: =SUMIF(Portfolio_Master!$C$5:$C$12,A5,Portfolio_Master!$E$5:$E$12) -> 95 | G5: =COUNTIFS(Portfolio_Master!$C$5:$C$12,A5,Portfolio_Master!$M$5:$M$12,"<>Low") -> 0 | H5: =REPT("█",ROUND(E5*20,0)) -> ████████████████████
A6: Germany | B6: =COUNTIF(Portfolio_Master!$C$5:$C$12,A6) -> 2 | C6: =SUMIF(Portfolio_Master!$C$5:$C$12,A6,Portfolio_Master!$H$5:$H$12) -> 100 | D6: =SUMIF(Portfolio_Master!$C$5:$C$12,A6,Portfolio_Master!$I$5:$I$12) -> 200 | E6: =IFERROR(C6/D6,0) -> 0.5 | F6: =SUMIF(Portfolio_Master!$C$5:$C$12,A6,Portfolio_Master!$E$5:$E$12) -> 305 | G6: =COUNTIFS(Portfolio_Master!$C$5:$C$12,A6,Portfolio_Master!$M$5:$M$12,"<>Low") -> 2 | H6: =REPT("█",ROUND(E6*20,0)) -> ██████████
A7: Italy | B7: =COUNTIF(Portfolio_Master!$C$5:$C$12,A7) -> 1 | C7: =SUMIF(Portfolio_Master!$C$5:$C$12,A7,Portfolio_Master!$H$5:$H$12) -> 44 | D7: =SUMIF(Portfolio_Master!$C$5:$C$12,A7,Portfolio_Master!$I$5:$I$12) -> 100 | E7: =IFERROR(C7/D7,0) -> 0.44 | F7: =SUMIF(Portfolio_Master!$C$5:$C$12,A7,Portfolio_Master!$E$5:$E$12) -> 110 | G7: =COUNTIFS(Portfolio_Master!$C$5:$C$12,A7,Portfolio_Master!$M$5:$M$12,"<>Low") -> 1 | H7: =REPT("█",ROUND(E7*20,0)) -> █████████
A8: Netherlands | B8: =COUNTIF(Portfolio_Master!$C$5:$C$12,A8) -> 1 | C8: =SUMIF(Portfolio_Master!$C$5:$C$12,A8,Portfolio_Master!$H$5:$H$12) -> 30 | D8: =SUMIF(Portfolio_Master!$C$5:$C$12,A8,Portfolio_Master!$I$5:$I$12) -> 100 | E8: =IFERROR(C8/D8,0) -> 0.3 | F8: =SUMIF(Portfolio_Master!$C$5:$C$12,A8,Portfolio_Master!$E$5:$E$12) -> 80 | G8: =COUNTIFS(Portfolio_Master!$C$5:$C$12,A8,Portfolio_Master!$M$5:$M$12,"<>Low") -> 1 | H8: =REPT("█",ROUND(E8*20,0)) -> ██████
A9: Poland | B9: =COUNTIF(Portfolio_Master!$C$5:$C$12,A9) -> 1 | C9: =SUMIF(Portfolio_Master!$C$5:$C$12,A9,Portfolio_Master!$H$5:$H$12) -> 44 | D9: =SUMIF(Portfolio_Master!$C$5:$C$12,A9,Portfolio_Master!$I$5:$I$12) -> 100 | E9: =IFERROR(C9/D9,0) -> 0.44 | F9: =SUMIF(Portfolio_Master!$C$5:$C$12,A9,Portfolio_Master!$E$5:$E$12) -> 130 | G9: =COUNTIFS(Portfolio_Master!$C$5:$C$12,A9,Portfolio_Master!$M$5:$M$12,"<>Low") -> 0 | H9: =REPT("█",ROUND(E9*20,0)) -> █████████
A10: Spain | B10: =COUNTIF(Portfolio_Master!$C$5:$C$12,A10) -> 2 | C10: =SUMIF(Portfolio_Master!$C$5:$C$12,A10,Portfolio_Master!$H$5:$H$12) -> 154 | D10: =SUMIF(Portfolio_Master!$C$5:$C$12,A10,Portfolio_Master!$I$5:$I$12) -> 200 | E10: =IFERROR(C10/D10,0) -> 0.77 | F10: =SUMIF(Portfolio_Master!$C$5:$C$12,A10,Portfolio_Master!$E$5:$E$12) -> 395 | G10: =COUNTIFS(Portfolio_Master!$C$5:$C$12,A10,Portfolio_Master!$M$5:$M$12,"<>Low") -> 1 | H10: =REPT("█",ROUND(E10*20,0)) -> ███████████████
A12: State / Region Progress
A13: Country | B13: State | C13: Projects | D13: Completed_Weight | E13: Total_Weight | F13: Weighted_Progress_% | G13: MW_Pipeline | H13: Delayed_Projects | I13: Progress_Bar
A14: France | B14: Occitanie | C14: =COUNTIFS(Portfolio_Master!$C$5:$C$12,A14,Portfolio_Master!$D$5:$D$12,B14) -> 1 | D14: =SUMIFS(Portfolio_Master!$H$5:$H$12,Portfolio_Master!$C$5:$C$12,A14,Portfolio_Master!$D$5:$D$12,B14) -> 100 | E14: =SUMIFS(Portfolio_Master!$I$5:$I$12,Portfolio_Master!$C$5:$C$12,A14,Portfolio_Master!$D$5:$D$12,B14) -> 100 | F14: =IFERROR(D14/E14,0) -> 1 | G14: =SUMIFS(Portfolio_Master!$E$5:$E$12,Portfolio_Master!$C$5:$C$12,A14,Portfolio_Master!$D$5:$D$12,B14) -> 95 | H14: =COUNTIFS(Portfolio_Master!$C$5:$C$12,A14,Portfolio_Master!$D$5:$D$12,B14,Portfolio_Master!$M$5:$M$12,"<>Low") -> 0 | I14: =REPT("█",ROUND(F14*20,0)) -> ████████████████████
A15: Germany | B15: Brandenburg | C15: =COUNTIFS(Portfolio_Master!$C$5:$C$12,A15,Portfolio_Master!$D$5:$D$12,B15) -> 1 | D15: =SUMIFS(Portfolio_Master!$H$5:$H$12,Portfolio_Master!$C$5:$C$12,A15,Portfolio_Master!$D$5:$D$12,B15) -> 64 | E15: =SUMIFS(Portfolio_Master!$I$5:$I$12,Portfolio_Master!$C$5:$C$12,A15,Portfolio_Master!$D$5:$D$12,B15) -> 100 | F15: =IFERROR(D15/E15,0) -> 0.64 | G15: =SUMIFS(Portfolio_Master!$E$5:$E$12,Portfolio_Master!$C$5:$C$12,A15,Portfolio_Master!$D$5:$D$12,B15) -> 145 | H15: =COUNTIFS(Portfolio_Master!$C$5:$C$12,A15,Portfolio_Master!$D$5:$D$12,B15,Portfolio_Master!$M$5:$M$12,"<>Low") -> 1 | I15: =REPT("█",ROUND(F15*20,0)) -> █████████████
A16: Germany | B16: Saxony | C16: =COUNTIFS(Portfolio_Master!$C$5:$C$12,A16,Portfolio_Master!$D$5:$D$12,B16) -> 1 | D16: =SUMIFS(Portfolio_Master!$H$5:$H$12,Portfolio_Master!$C$5:$C$12,A16,Portfolio_Master!$D$5:$D$12,B16) -> 36 | E16: =SUMIFS(Portfolio_Master!$I$5:$I$12,Portfolio_Master!$C$5:$C$12,A16,Portfolio_Master!$D$5:$D$12,B16) -> 100 | F16: =IFERROR(D16/E16,0) -> 0.36 | G16: =SUMIFS(Portfolio_Master!$E$5:$E$12,Portfolio_Master!$C$5:$C$12,A16,Portfolio_Master!$D$5:$D$12,B16) -> 160 | H16: =COUNTIFS(Portfolio_Master!$C$5:$C$12,A16,Portfolio_Master!$D$5:$D$12,B16,Portfolio_Master!$M$5:$M$12,"<>Low") -> 1 | I16: =REPT("█",ROUND(F16*20,0)) -> ███████
A17: Italy | B17: Sicily | C17: =COUNTIFS(Portfolio_Master!$C$5:$C$12,A17,Portfolio_Master!$D$5:$D$12,B17) -> 1 | D17: =SUMIFS(Portfolio_Master!$H$5:$H$12,Portfolio_Master!$C$5:$C$12,A17,Portfolio_Master!$D$5:$D$12,B17) -> 44 | E17: =SUMIFS(Portfolio_Master!$I$5:$I$12,Portfolio_Master!$C$5:$C$12,A17,Portfolio_Master!$D$5:$D$12,B17) -> 100 | F17: =IFERROR(D17/E17,0) -> 0.44 | G17: =SUMIFS(Portfolio_Master!$E$5:$E$12,Portfolio_Master!$C$5:$C$12,A17,Portfolio_Master!$D$5:$D$12,B17) -> 110 | H17: =COUNTIFS(Portfolio_Master!$C$5:$C$12,A17,Portfolio_Master!$D$5:$D$12,B17,Portfolio_Master!$M$5:$M$12,"<>Low") -> 1 | I17: =REPT("█",ROUND(F17*20,0)) -> █████████
A18: Netherlands | B18: North Holland | C18: =COUNTIFS(Portfolio_Master!$C$5:$C$12,A18,Portfolio_Master!$D$5:$D$12,B18) -> 1 | D18: =SUMIFS(Portfolio_Master!$H$5:$H$12,Portfolio_Master!$C$5:$C$12,A18,Portfolio_Master!$D$5:$D$12,B18) -> 30 | E18: =SUMIFS(Portfolio_Master!$I$5:$I$12,Portfolio_Master!$C$5:$C$12,A18,Portfolio_Master!$D$5:$D$12,B18) -> 100 | F18: =IFERROR(D18/E18,0) -> 0.3 | G18: =SUMIFS(Portfolio_Master!$E$5:$E$12,Portfolio_Master!$C$5:$C$12,A18,Portfolio_Master!$D$5:$D$12,B18) -> 80 | H18: =COUNTIFS(Portfolio_Master!$C$5:$C$12,A18,Portfolio_Master!$D$5:$D$12,B18,Portfolio_Master!$M$5:$M$12,"<>Low") -> 1 | I18: =REPT("█",ROUND(F18*20,0)) -> ██████
A19: Poland | B19: Lower Silesia | C19: =COUNTIFS(Portfolio_Master!$C$5:$C$12,A19,Portfolio_Master!$D$5:$D$12,B19) -> 1 | D19: =SUMIFS(Portfolio_Master!$H$5:$H$12,Portfolio_Master!$C$5:$C$12,A19,Portfolio_Master!$D$5:$D$12,B19) -> 44 | E19: =SUMIFS(Portfolio_Master!$I$5:$I$12,Portfolio_Master!$C$5:$C$12,A19,Portfolio_Master!$D$5:$D$12,B19) -> 100 | F19: =IFERROR(D19/E19,0) -> 0.44 | G19: =SUMIFS(Portfolio_Master!$E$5:$E$12,Portfolio_Master!$C$5:$C$12,A19,Portfolio_Master!$D$5:$D$12,B19) -> 130 | H19: =COUNTIFS(Portfolio_Master!$C$5:$C$12,A19,Portfolio_Master!$D$5:$D$12,B19,Portfolio_Master!$M$5:$M$12,"<>Low") -> 0 | I19: =REPT("█",ROUND(F19*20,0)) -> █████████
A20: Spain | B20: Andalusia | C20: =COUNTIFS(Portfolio_Master!$C$5:$C$12,A20,Portfolio_Master!$D$5:$D$12,B20) -> 1 | D20: =SUMIFS(Portfolio_Master!$H$5:$H$12,Portfolio_Master!$C$5:$C$12,A20,Portfolio_Master!$D$5:$D$12,B20) -> 54 | E20: =SUMIFS(Portfolio_Master!$I$5:$I$12,Portfolio_Master!$C$5:$C$12,A20,Portfolio_Master!$D$5:$D$12,B20) -> 100 | F20: =IFERROR(D20/E20,0) -> 0.54 | G20: =SUMIFS(Portfolio_Master!$E$5:$E$12,Portfolio_Master!$C$5:$C$12,A20,Portfolio_Master!$D$5:$D$12,B20) -> 220 | H20: =COUNTIFS(Portfolio_Master!$C$5:$C$12,A20,Portfolio_Master!$D$5:$D$12,B20,Portfolio_Master!$M$5:$M$12,"<>Low") -> 1 | I20: =REPT("█",ROUND(F20*20,0)) -> ███████████
A21: Spain | B21: Valencia | C21: =COUNTIFS(Portfolio_Master!$C$5:$C$12,A21,Portfolio_Master!$D$5:$D$12,B21) -> 1 | D21: =SUMIFS(Portfolio_Master!$H$5:$H$12,Portfolio_Master!$C$5:$C$12,A21,Portfolio_Master!$D$5:$D$12,B21) -> 100 | E21: =SUMIFS(Portfolio_Master!$I$5:$I$12,Portfolio_Master!$C$5:$C$12,A21,Portfolio_Master!$D$5:$D$12,B21) -> 100 | F21: =IFERROR(D21/E21,0) -> 1 | G21: =SUMIFS(Portfolio_Master!$E$5:$E$12,Portfolio_Master!$C$5:$C$12,A21,Portfolio_Master!$D$5:$D$12,B21) -> 175 | H21: =COUNTIFS(Portfolio_Master!$C$5:$C$12,A21,Portfolio_Master!$D$5:$D$12,B21,Portfolio_Master!$M$5:$M$12,"<>Low") -> 0 | I21: =REPT("█",ROUND(F21*20,0)) -> ████████████████████

Sheet Insights
A1: ALAS Energy | Controller Insights
A3: Insight Area | B3: Formula-Linked Statement | C3: Use Case
A4: Portfolio health | B4: =IF(AVERAGE(Portfolio_Master!$J$5:$J$12)>=0.75,"Portfolio weighted progress is strong overall","Portfolio weighted progress indicates meaningful execution risk remains") -> Portfolio weighted progress indicates meaningful execution risk remains | C4: Dashboard summary
A5: Delay focus | B5: =COUNTIF(Portfolio_Master!$M$5:$M$12,"High")&" projects show high risk based on delay impact and require management attention." -> 2 projects show high risk based on delay impact and require management attention. | C5: Escalation note
A6: Budget pressure | B6: =COUNTIF(Portfolio_Master!$T$5:$T$12,"Over Budget")&" projects are consuming budget faster than weighted progress." -> 6 projects are consuming budget faster than weighted progress. | C6: Controller commentary
A7: Geography signal | B7: =INDEX(Geography_Progress!$A$5:$A$9,MATCH(MAX(Geography_Progress!$E$5:$E$9),Geography_Progress!$E$5:$E$9,0))&" currently has the strongest weighted country-level progress." -> France currently has the strongest weighted country-level progress. | C7: Country spotlight
A8: Project spotlight | B8: =INDEX(Portfolio_Master!$B$5:$B$12,MATCH(MAX(Portfolio_Master!$O$5:$O$12),Portfolio_Master!$O$5:$O$12,0))&" leads on risk-adjusted progress." -> Occitanie Ground Mount leads on risk-adjusted progress. | C8: Management review

Sheet Dashboard
A1: ALAS Energy | Portfolio Control Tower
A2: Controller-level view of weighted progress, risk-adjusted performance, delay impact, budget efficiency, and geography progress.
A4: Total Projects =COUNTA(Portfolio_Master!A5:A12) | E4: MW Pipeline =SUM(Portfolio_Master!E5:E12) | I4: Weighted Progress =AVERAGE(Portfolio_Master!J5:J12)
A8: Risk-Adjusted Progress =AVERAGE(Portfolio_Master!O5:O12) | E8: High Risk Projects =COUNTIF(Portfolio_Master!M5:M12,"High") | I8: Over Budget Projects =COUNTIF(Portfolio_Master!T5:T12,"Over Budget")
A15: Project | B15: Progress_% | C15: Risk_Adjusted_Progress | D15: Budget_Used_% | F15: Stage | G15: Projects | I15: Country | J15: Weighted_Progress
A16: =Portfolio_Master!B5 -> Brandenburg Solar Park | B16: =Portfolio_Master!J5 -> 0.64 | C16: =Portfolio_Master!O5 -> 0.48 | D16: =Portfolio_Master!R5 -> 0.95 | F16: Development | G16: =COUNTIF(Portfolio_Master!$F$5:$F$12,F16) -> 3 | I16: =Geography_Progress!A5 -> France | J16: =Geography_Progress!E5 -> 1
A17: =Portfolio_Master!B6 -> Andalusia Solar Cluster | B17: =Portfolio_Master!J6 -> 0.54 | C17: =Portfolio_Master!O6 -> 0.486 | D17: =Portfolio_Master!R6 -> 1.0424242 | F17: Construction | G17: =COUNTIF(Portfolio_Master!$F$5:$F$12,F17) -> 3 | I17: =Geography_Progress!A6 -> Germany | J17: =Geography_Progress!E6 -> 0.5
A18: =Portfolio_Master!B7 -> Sicily Agrivoltaic Hub | B18: =Portfolio_Master!J7 -> 0.44 | C18: =Portfolio_Master!O7 -> 0.396 | D18: =Portfolio_Master!R7 -> 1.0425532 | F18: Active | G18: =COUNTIF(Portfolio_Master!$F$5:$F$12,F18) -> 2 | I18: =Geography_Progress!A7 -> Italy | J18: =Geography_Progress!E7 -> 0.44
A19: =Portfolio_Master!B8 -> Occitanie Ground Mount | B19: =Portfolio_Master!J8 -> 1 | C19: =Portfolio_Master!O8 -> 1 | D19: =Portfolio_Master!R8 -> 0.98780488 | I19: =Geography_Progress!A8 -> Netherlands | J19: =Geography_Progress!E8 -> 0.3
A20: =Portfolio_Master!B9 -> North Holland Solar Farm | B20: =Portfolio_Master!J9 -> 0.3 | C20: =Portfolio_Master!O9 -> 0.225 | D20: =Portfolio_Master!R9 -> 0.98529412 | I20: =Geography_Progress!A9 -> Poland | J20: =Geography_Progress!E9 -> 0.44
A21: =Portfolio_Master!B10 -> Lower Silesia PV Project | B21: =Portfolio_Master!J10 -> 0.44 | C21: =Portfolio_Master!O10 -> 0.44 | D21: =Portfolio_Master!R10 -> 1.0693069 | F21: Risk_Level | G21: Projects | I21: =Geography_Progress!A10 -> Spain | J21: =Geography_Progress!E10 -> 0.77
A22: =Portfolio_Master!B11 -> Saxony Battery-Ready PV | B22: =Portfolio_Master!J11 -> 0.36 | C22: =Portfolio_Master!O11 -> 0.324 | D22: =Portfolio_Master!R11 -> 0.97619048 | F22: Low | G22: =COUNTIF(Portfolio_Master!$M$5:$M$12,F22) -> 3
A23: =Portfolio_Master!B12 -> Valencia Hybrid Solar Site | B23: =Portfolio_Master!J12 -> 1 | C23: =Portfolio_Master!O12 -> 1 | D23: =Portfolio_Master!R12 -> 0.98529412 | F23: Medium | G23: =COUNTIF(Portfolio_Master!$M$5:$M$12,F23) -> 3
F24: High | G24: =COUNTIF(Portfolio_Master!$M$5:$M$12,F24) -> 2
